<?xml version="1.0" encoding="UTF-8"?>
<!DOCTYPE mapper
    PUBLIC "-//mybatis.org//DTD Mapper 3.0//EN"
    "http://mybatis.org/dtd/mybatis-3-mapper.dtd">
<mapper namespace="com.ssafy.product.dao.ProductDao">
   	
   	<!-- id : 메서드 이름, parameterTYpe : 파라미터 -->
   	<insert id="insertProduct" parameterType="product">
   		insert into product_hw(
   			id,
   			name,
   			price,
   			description
   		) values (
   			#{id},
   			#{name},
   			#{price},
   			#{description}
   		)
   	</insert>
   	
   	<update id="updateProduct" parameterType="product">
   		update product_hw 
   		   set name = #{name},
   			   price = #{price},
   			   description = #{description}
   		 where id = #{id}
   	</update>
   	
   	<delete id="removeProduct" parameterType="String">
   		delete 
   		  from product_hw 
   		 where id = #{id} 
   	</delete>
   	
   	<select id="searchProduct" parameterType="String" resultType="product">
   		select * 
   		  from product_hw 
   		 where id = #{id}
   	</select>
   	
   	<select id="selectAll" resultType="product">
   		select *
   		  from product_hw
   	</select>
</mapper>    
    
    
    
    
    
    