<?xml version="1.0" encoding="UTF-8"?>
<beans xmlns="http://www.springframework.org/schema/beans"
	xmlns:xsi="http://www.w3.org/2001/XMLSchema-instance"
	xmlns:context="http://www.springframework.org/schema/context"
	xsi:schemaLocation="http://www.springframework.org/schema/beans https://www.springframework.org/schema/beans/spring-beans.xsd
		http://www.springframework.org/schema/context http://www.springframework.org/schema/context/spring-context-4.3.xsd">
	
	<bean class="org.springframework.jdbc.datasource.DriverManagerDataSource"
	      id="dataSource">
	    <property name="driverClassName" 
	              value="com.mysql.cj.jdbc.Driver"></property>
        <property name="url"
                  value="jdbc:mysql://127.0.0.1:3306/ssafyweb?serverTimezone=UTC&amp;useUniCode=yes&amp;characterEncoding=UTF-8"></property>
        <property name="username" value="ssafy"></property>
        <property name="password" value="ssafy"></property>                  	               
	</bean>		
	
	
    <!-- XML내에 작성된 sql문을 호출하는 객체: SqlMapClient(iBatis), SqlSession(MyBatis) -->
    <bean class="org.mybatis.spring.SqlSessionFactoryBean"
          id="sqlSessionFactory">
       <property name="dataSource" ref="dataSource"></property>
       <!-- MyBatis 설정 파일 경로 -->
       <property name="configLocation"
                 value="classpath:/mybatis-config.xml"></property>
                 
       <!-- sql문 작성된 mapperXML문서 등록 -->                 
       <property name="mapperLocations"
                 value="classpath:mappers/*.xml"></property>                       
    </bean>
          
    <!-- MyBatis를 실행할 수 있는 객체를 생성해줌 -->
	<bean class="org.mybatis.spring.SqlSessionTemplate"
	      destroy-method="clearCache">
	      <constructor-arg ref="sqlSessionFactory"></constructor-arg>
	</bean>
	
		<!-- 모든 DAO, DAOImpl클래스는  persistence 패키지 밑에 작성하겠음!! -->
	<context:component-scan base-package="com.ssafy.product.dao"/>
	
		<!-- 모든 Service, ServiceImpl클래스는  persistence 패키지 밑에 작성하겠음!! -->
	<context:component-scan base-package="com.ssafy.product.service"/>
	
</beans>


